best_C,accuracy
95.07243064099163,0.5366568914956011
