best_C,accuracy
61.186289472237945,0.5366568914956011
