best_C,accuracy
{'logisticregression__C': 95.07243064099163},0.5366568914956011
